subject,congruent,incongruent,stroop_cost_ms,category
sub-001,795.0952380952381,941.3333333333334,146.2380952380953,top
sub-002,921.3428571428572,1024.8181818181818,103.4753246753246,middle
sub-003,720.725,809.9677419354839,89.24274193548388,middle
sub-004,655.0476190476192,796.40625,141.35863095238085,top
sub-005,641.048780487805,727.1818181818181,86.13303769401318,middle
sub-006,703.2,747.5151515151515,44.315151515151456,bottom
sub-007,611.0238095238095,769.2222222222222,158.19841269841265,top
sub-008,801.3055555555557,826.7777777777778,25.47222222222217,bottom
sub-009,742.1794871794872,806.3928571428571,64.21336996336993,bottom
sub-010,702.3658536585367,762.40625,60.04039634146329,bottom
sub-011,663.25,681.0625,17.8125,bottom
sub-012,781.825,868.4545454545454,86.62954545454534,middle
sub-013,697.7692307692308,838.1379310344828,140.36870026525196,middle
sub-014,715.6904761904763,763.0,47.30952380952374,bottom
sub-015,670.3414634146342,761.5454545454545,91.20399113082033,middle
sub-016,747.5135135135135,897.9333333333333,150.41981981981974,top
sub-017,696.4634146341463,841.5862068965517,145.12279226240548,top
sub-018,623.7297297297297,713.4137931034484,89.68406337371869,middle
sub-019,725.3499999999999,808.6969696969697,83.34696969696984,middle
sub-020,844.9523809523808,964.7666666666665,119.81428571428569,middle
sub-021,743.560975609756,832.28125,88.72027439024396,middle
sub-022,732.3157894736842,904.8846153846154,172.5688259109312,top
sub-023,644.8780487804878,718.8620689655173,73.98402018502952,bottom
sub-024,681.5263157894736,771.0,89.47368421052636,middle
sub-025,719.375,798.3529411764706,78.97794117647061,middle
sub-026,791.125,957.3103448275863,166.18534482758628,top
sub-027,754.0243902439024,831.9666666666666,77.94227642276417,middle
sub-028,912.3333333333335,1012.09375,99.76041666666652,middle
